<?xml version="1.0" encoding="utf-8" ?>
<dwsync>
<file name="consultation.webp" server="faber.intra.ecu.edu:990" local="132888816839535353" remote="132888824400000000" Dst="1" />
<file name="experience.webp" server="faber.intra.ecu.edu:990" local="132888817082078345" remote="132888824400000000" Dst="1" />
<file name="mpis-header500.webp" server="faber.intra.ecu.edu:990" local="132888728521131512" remote="132888824400000000" Dst="1" />
<file name="parallax.png" server="faber.intra.ecu.edu:990" local="132778418160000000" remote="132888824400000000" Dst="1" />
<file name="pattern.png" server="faber.intra.ecu.edu:990" local="132778418160000000" remote="132888824400000000" Dst="1" />
<file name="placeholder.jpg" server="faber.intra.ecu.edu:990" local="132778418160000000" remote="132888824400000000" Dst="1" />
<file name="privacyprotection.webp" server="faber.intra.ecu.edu:990" local="132888816983146526" remote="132888824400000000" Dst="1" />
<file name="privateinvestigator.jfif" server="faber.intra.ecu.edu:990" local="132888742895872492" remote="132888824400000000" Dst="1" />
</dwsync>